{
  "title": "Privacy",
  "description": "The Privacy Policy for Taxonomy App.",
  "body": {
    "raw": "\nBlandit libero volutpat sed cras ornare arcu. Cursus sit amet dictum sit amet. Nunc vel risus commodo viverra maecenas accumsan. Libero id faucibus nisl tincidunt eget nullam non nisi est. Varius quam quisque id diam vel quam. Id donec ultrices tincidunt arcu non.\n\n## Consent\n\nLorem ipsum dolor sit amet, consectetur adipiscing elit, sed do eiusmod tempor incididunt ut labore et dolore magna aliqua. Volutpat sed cras ornare arcu. Nibh ipsum consequat nisl vel pretium lectus quam id leo. A arcu cursus vitae congue. Amet justo donec enim diam. Vel pharetra vel turpis nunc eget lorem. Gravida quis blandit turpis cursus in. Semper auctor neque vitae tempus. Elementum facilisis leo vel fringilla est ullamcorper eget nulla. Imperdiet nulla malesuada pellentesque elit eget.\n\nFelis donec et odio pellentesque diam volutpat commodo sed.\n\nTortor consequat id porta nibh. Fames ac turpis egestas maecenas pharetra convallis posuere morbi leo. Scelerisque fermentum dui faucibus in. Tortor posuere ac ut consequat semper viverra.\n\n## Information we collect\n\nAmet justo donec enim diam. In hendrerit gravida rutrum quisque non. Hac habitasse platea dictumst quisque sagittis purus sit.\n\n## How we use your Information\n\nUt sem nulla pharetra diam sit amet nisl suscipit adipiscing. Consectetur adipiscing elit pellentesque habitant. Ut tristique et egestas quis ipsum suspendisse ultrices gravida.\n",
    "code": "var Component=(()=>{var d=Object.create;var s=Object.defineProperty;var p=Object.getOwnPropertyDescriptor;var h=Object.getOwnPropertyNames;var q=Object.getPrototypeOf,f=Object.prototype.hasOwnProperty;var g=(i,e)=>()=>(e||i((e={exports:{}}).exports,e),e.exports),v=(i,e)=>{for(var a in e)s(i,a,{get:e[a],enumerable:!0})},o=(i,e,a,r)=>{if(e&&typeof e==\"object\"||typeof e==\"function\")for(let t of h(e))!f.call(i,t)&&t!==a&&s(i,t,{get:()=>e[t],enumerable:!(r=p(e,t))||r.enumerable});return i};var b=(i,e,a)=>(a=i!=null?d(q(i)):{},o(e||!i||!i.__esModule?s(a,\"default\",{value:i,enumerable:!0}):a,i)),w=i=>o(s({},\"__esModule\",{value:!0}),i);var u=g((j,c)=>{c.exports=_jsx_runtime});var y={};v(y,{default:()=>m,frontmatter:()=>x});var n=b(u()),x={title:\"Privacy\",description:\"The Privacy Policy for Taxonomy App.\"};function l(i){let e={a:\"a\",h2:\"h2\",p:\"p\",span:\"span\",...i.components};return(0,n.jsxs)(n.Fragment,{children:[(0,n.jsx)(e.p,{children:\"Blandit libero volutpat sed cras ornare arcu. Cursus sit amet dictum sit amet. Nunc vel risus commodo viverra maecenas accumsan. Libero id faucibus nisl tincidunt eget nullam non nisi est. Varius quam quisque id diam vel quam. Id donec ultrices tincidunt arcu non.\"}),`\n`,(0,n.jsxs)(e.h2,{id:\"consent\",children:[(0,n.jsx)(e.a,{className:\"subheading-anchor\",\"aria-label\":\"Link to section\",href:\"#consent\",children:(0,n.jsx)(e.span,{className:\"icon icon-link\"})}),\"Consent\"]}),`\n`,(0,n.jsx)(e.p,{children:\"Lorem ipsum dolor sit amet, consectetur adipiscing elit, sed do eiusmod tempor incididunt ut labore et dolore magna aliqua. Volutpat sed cras ornare arcu. Nibh ipsum consequat nisl vel pretium lectus quam id leo. A arcu cursus vitae congue. Amet justo donec enim diam. Vel pharetra vel turpis nunc eget lorem. Gravida quis blandit turpis cursus in. Semper auctor neque vitae tempus. Elementum facilisis leo vel fringilla est ullamcorper eget nulla. Imperdiet nulla malesuada pellentesque elit eget.\"}),`\n`,(0,n.jsx)(e.p,{children:\"Felis donec et odio pellentesque diam volutpat commodo sed.\"}),`\n`,(0,n.jsx)(e.p,{children:\"Tortor consequat id porta nibh. Fames ac turpis egestas maecenas pharetra convallis posuere morbi leo. Scelerisque fermentum dui faucibus in. Tortor posuere ac ut consequat semper viverra.\"}),`\n`,(0,n.jsxs)(e.h2,{id:\"information-we-collect\",children:[(0,n.jsx)(e.a,{className:\"subheading-anchor\",\"aria-label\":\"Link to section\",href:\"#information-we-collect\",children:(0,n.jsx)(e.span,{className:\"icon icon-link\"})}),\"Information we collect\"]}),`\n`,(0,n.jsx)(e.p,{children:\"Amet justo donec enim diam. In hendrerit gravida rutrum quisque non. Hac habitasse platea dictumst quisque sagittis purus sit.\"}),`\n`,(0,n.jsxs)(e.h2,{id:\"how-we-use-your-information\",children:[(0,n.jsx)(e.a,{className:\"subheading-anchor\",\"aria-label\":\"Link to section\",href:\"#how-we-use-your-information\",children:(0,n.jsx)(e.span,{className:\"icon icon-link\"})}),\"How we use your Information\"]}),`\n`,(0,n.jsx)(e.p,{children:\"Ut sem nulla pharetra diam sit amet nisl suscipit adipiscing. Consectetur adipiscing elit pellentesque habitant. Ut tristique et egestas quis ipsum suspendisse ultrices gravida.\"})]})}function m(i={}){let{wrapper:e}=i.components||{};return e?(0,n.jsx)(e,{...i,children:(0,n.jsx)(l,{...i})}):l(i)}return w(y);})();\n;return Component;"
  },
  "_id": "pages/privacy.mdx",
  "_raw": {
    "sourceFilePath": "pages/privacy.mdx",
    "sourceFileName": "privacy.mdx",
    "sourceFileDir": "pages",
    "contentType": "mdx",
    "flattenedPath": "pages/privacy"
  },
  "type": "Page",
  "slug": "/pages/privacy",
  "slugAsParams": "privacy",
  "images": []
}