{
  "title": "Introduction",
  "description": "Welcome to the Next Auth Roles Template documentation.",
  "published": true,
  "body": {
    "raw": "\n<Image\n  src=\"/_static/images/x-preview.jpg\"\n  width=\"1100\"\n  height=\"550\"\n  alt=\"App preview\"\n  priority\n/>\n\nNext Auth Roles Template is **Open Source**.\n\nBuilt on [Next SaaS Stripe Starter](https://github.com/mickasmt/next-saas-stripe-starter), it integrates Next.js 14, Prisma, Neon, Auth.js v5, Resend, React Email, Shadcn/ui.\n\nWith **Authentification, User Roles & Dashboard**, you get a solid foundation for your future project.\n\nThis documentation is your go-to resource for configuring and using the template effectively.\n\nLet's get started and happy coding!\n",
    "code": "var Component=(()=>{var h=Object.create;var i=Object.defineProperty;var l=Object.getOwnPropertyDescriptor;var m=Object.getOwnPropertyNames;var g=Object.getPrototypeOf,f=Object.prototype.hasOwnProperty;var x=(e,t)=>()=>(t||e((t={exports:{}}).exports,t),t.exports),j=(e,t)=>{for(var o in t)i(e,o,{get:t[o],enumerable:!0})},a=(e,t,o,s)=>{if(t&&typeof t==\"object\"||typeof t==\"function\")for(let r of m(t))!f.call(e,r)&&r!==o&&i(e,r,{get:()=>t[r],enumerable:!(s=l(t,r))||s.enumerable});return e};var y=(e,t,o)=>(o=e!=null?h(g(e)):{},a(t||!e||!e.__esModule?i(o,\"default\",{value:e,enumerable:!0}):o,e)),_=e=>a(i({},\"__esModule\",{value:!0}),e);var p=x((A,c)=>{c.exports=_jsx_runtime});var S={};j(S,{default:()=>u,frontmatter:()=>w});var n=y(p()),w={title:\"Introduction\",description:\"Welcome to the Next Auth Roles Template documentation.\"};function d(e){let t={a:\"a\",p:\"p\",strong:\"strong\",...e.components},{Image:o}=t;return o||R(\"Image\",!0),(0,n.jsxs)(n.Fragment,{children:[(0,n.jsx)(o,{src:\"/_static/images/x-preview.jpg\",width:\"1100\",height:\"550\",alt:\"App preview\",priority:!0}),`\n`,(0,n.jsxs)(t.p,{children:[\"Next Auth Roles Template is \",(0,n.jsx)(t.strong,{children:\"Open Source\"}),\".\"]}),`\n`,(0,n.jsxs)(t.p,{children:[\"Built on \",(0,n.jsx)(t.a,{href:\"https://github.com/mickasmt/next-saas-stripe-starter\",children:\"Next SaaS Stripe Starter\"}),\", it integrates Next.js 14, Prisma, Neon, Auth.js v5, Resend, React Email, Shadcn/ui.\"]}),`\n`,(0,n.jsxs)(t.p,{children:[\"With \",(0,n.jsx)(t.strong,{children:\"Authentification, User Roles & Dashboard\"}),\", you get a solid foundation for your future project.\"]}),`\n`,(0,n.jsx)(t.p,{children:\"This documentation is your go-to resource for configuring and using the template effectively.\"}),`\n`,(0,n.jsx)(t.p,{children:\"Let's get started and happy coding!\"})]})}function u(e={}){let{wrapper:t}=e.components||{};return t?(0,n.jsx)(t,{...e,children:(0,n.jsx)(d,{...e})}):d(e)}function R(e,t){throw new Error(\"Expected \"+(t?\"component\":\"object\")+\" `\"+e+\"` to be defined: you likely forgot to import, pass, or provide it.\")}return _(S);})();\n;return Component;"
  },
  "_id": "docs/index.mdx",
  "_raw": {
    "sourceFilePath": "docs/index.mdx",
    "sourceFileName": "index.mdx",
    "sourceFileDir": "docs",
    "contentType": "mdx",
    "flattenedPath": "docs"
  },
  "type": "Doc",
  "slug": "/docs",
  "slugAsParams": "",
  "images": [
    "/_static/images/x-preview.jpg"
  ]
}