{
  "title": "Markdown Files",
  "description": "How works blog and docs.",
  "published": true,
  "body": {
    "raw": "\nThe project includes a blog and documentation built using [Contentlayer](https://contentlayer.dev/) and [MDX](https://mdxjs.com/).\n\n## Contentlayer\n\nContentlayer is a Markdown-based CMS that's flexible and extensible. It lets you organize content using Markdown files and offers a straightforward API for accessing data in your app.\n\nYou can create reusable data models for various content types like blog posts, docs, and pages with Contentlayer.\n\nFrontmatter in Markdown files allows you to define metadata such as title, description, authors, and images, simplifying content management.\n\n### contentlayer.config.js\n\nHere's an example of a `contentlayer.config.js` file to configure Contentlayer in your project:\n\n```typescript title=\"contentlayer.config.js\"\nimport { defineDocumentType, makeSource } from \"contentlayer/source-files\";\n\n/** @type {import('contentlayer/source-files').ComputedFields} */\nconst computedFields = {\n  slug: {\n    type: \"string\",\n    resolve: (doc) => `/${doc._raw.flattenedPath}`,\n  },\n  slugAsParams: {\n    type: \"string\",\n    resolve: (doc) => doc._raw.flattenedPath.split(\"/\").slice(1).join(\"/\"),\n  },\n};\n\nexport const Doc = defineDocumentType(() => ({\n  name: \"Doc\",\n  filePathPattern: `docs/**/*.mdx`,\n  contentType: \"mdx\",\n  fields: {\n    title: {\n      type: \"string\",\n      required: true,\n    },\n    description: {\n      type: \"string\",\n    },\n    published: {\n      type: \"boolean\",\n      default: true,\n    },\n  },\n  computedFields,\n}));\n\nexport const Post = defineDocumentType(() => ({\n  name: \"Post\",\n  filePathPattern: `blog/**/*.mdx`,\n  contentType: \"mdx\",\n  fields: {\n    title: {\n      type: \"string\",\n      required: true,\n    },\n    description: {\n      type: \"string\",\n    },\n    date: {\n      type: \"date\",\n      required: true,\n    },\n    published: {\n      type: \"boolean\",\n      default: true,\n    },\n    image: {\n      type: \"string\",\n      required: true,\n    },\n    authors: {\n      type: \"list\",\n      of: { type: \"string\" },\n      required: true,\n    },\n  },\n  computedFields,\n}));\n\nexport const Page = defineDocumentType(() => ({\n  name: \"Page\",\n  filePathPattern: `pages/**/*.mdx`,\n  contentType: \"mdx\",\n  fields: {\n    title: {\n      type: \"string\",\n      required: true,\n    },\n    description: {\n      type: \"string\",\n    },\n  },\n  computedFields,\n}));\n\nexport default makeSource({\n  contentDirPath: \"./content\",\n  documentTypes: [Page, Doc, Post],\n  mdx: {},\n});\n```\n\nThis file configures Contentlayer to look for Markdown files in the specified directories (`content/blog`, `content/authors`, `content/docs`, `content/pages`). It also defines the different document types you use in your project along with the fields associated with each document type.\n\nYou can customize this file according to your project's needs by adding new document types or adjusting existing fields as per your specific requirements.\n\n## Frontmatters\n\nHere's the list of all frontmatters available for each parts:\n\n<Steps>\n\n### Authors\n\n```md\n---\ntitle: mickasmt\navatar: /_static/avatars/mickasmt.jpg\ntwitter: mickasmt\n---\n```\n\n### Blog\n\n```md\n---\ntitle: Deploying Next.js Apps\ndescription: How to deploy your Next.js apps on Vercel.\nimage: /_static/blog/blog-post-3.jpg\ndate: \"2023-01-02\"\nauthors:\n  - mickasmt\n---\n```\n\n### Docs\n\n```md\n---\ntitle: Database\ndescription: How to config your Neon database.\n---\n```\n\n### Pages\n\n```md\n---\ntitle: Privacy\ndescription: The Privacy Policy for your app.\n---\n```\n\n</Steps>\n",
    "code": "var Component=(()=>{var h=Object.create;var t=Object.defineProperty;var E=Object.getOwnPropertyDescriptor;var y=Object.getOwnPropertyNames;var u=Object.getPrototypeOf,g=Object.prototype.hasOwnProperty;var F=(l,n)=>()=>(n||l((n={exports:{}}).exports,n),n.exports),m=(l,n)=>{for(var a in n)t(l,a,{get:n[a],enumerable:!0})},c=(l,n,a,s)=>{if(n&&typeof n==\"object\"||typeof n==\"function\")for(let r of y(n))!g.call(l,r)&&r!==a&&t(l,r,{get:()=>n[r],enumerable:!(s=E(n,r))||s.enumerable});return l};var f=(l,n,a)=>(a=l!=null?h(u(l)):{},c(n||!l||!l.__esModule?t(a,\"default\",{value:l,enumerable:!0}):a,l)),b=l=>c(t({},\"__esModule\",{value:!0}),l);var o=F((P,i)=>{i.exports=_jsx_runtime});var k={};m(k,{default:()=>p,frontmatter:()=>B});var e=f(o()),B={title:\"Markdown Files\",description:\"How works blog and docs.\"};function d(l){let n={a:\"a\",code:\"code\",figcaption:\"figcaption\",figure:\"figure\",h2:\"h2\",h3:\"h3\",p:\"p\",pre:\"pre\",span:\"span\",...l.components},{Steps:a}=n;return a||x(\"Steps\",!0),(0,e.jsxs)(e.Fragment,{children:[(0,e.jsxs)(n.p,{children:[\"The project includes a blog and documentation built using \",(0,e.jsx)(n.a,{href:\"https://contentlayer.dev/\",children:\"Contentlayer\"}),\" and \",(0,e.jsx)(n.a,{href:\"https://mdxjs.com/\",children:\"MDX\"}),\".\"]}),`\n`,(0,e.jsxs)(n.h2,{id:\"contentlayer\",children:[(0,e.jsx)(n.a,{className:\"subheading-anchor\",\"aria-label\":\"Link to section\",href:\"#contentlayer\",children:(0,e.jsx)(n.span,{className:\"icon icon-link\"})}),\"Contentlayer\"]}),`\n`,(0,e.jsx)(n.p,{children:\"Contentlayer is a Markdown-based CMS that's flexible and extensible. It lets you organize content using Markdown files and offers a straightforward API for accessing data in your app.\"}),`\n`,(0,e.jsx)(n.p,{children:\"You can create reusable data models for various content types like blog posts, docs, and pages with Contentlayer.\"}),`\n`,(0,e.jsx)(n.p,{children:\"Frontmatter in Markdown files allows you to define metadata such as title, description, authors, and images, simplifying content management.\"}),`\n`,(0,e.jsxs)(n.h3,{id:\"contentlayerconfigjs\",children:[(0,e.jsx)(n.a,{className:\"subheading-anchor\",\"aria-label\":\"Link to section\",href:\"#contentlayerconfigjs\",children:(0,e.jsx)(n.span,{className:\"icon icon-link\"})}),\"contentlayer.config.js\"]}),`\n`,(0,e.jsxs)(n.p,{children:[\"Here's an example of a \",(0,e.jsx)(n.code,{children:\"contentlayer.config.js\"}),\" file to configure Contentlayer in your project:\"]}),`\n`,(0,e.jsxs)(n.figure,{\"data-rehype-pretty-code-figure\":\"\",children:[(0,e.jsx)(n.figcaption,{\"data-rehype-pretty-code-title\":\"\",\"data-language\":\"typescript\",\"data-theme\":\"github-dark\",children:\"contentlayer.config.js\"}),(0,e.jsx)(n.pre,{tabIndex:\"0\",\"data-language\":\"typescript\",\"data-theme\":\"github-dark\",__rawString__:`import { defineDocumentType, makeSource } from \"contentlayer/source-files\";\n\n/** @type {import('contentlayer/source-files').ComputedFields} */\nconst computedFields = {\n  slug: {\n    type: \"string\",\n    resolve: (doc) => \\`/\\${doc._raw.flattenedPath}\\`,\n  },\n  slugAsParams: {\n    type: \"string\",\n    resolve: (doc) => doc._raw.flattenedPath.split(\"/\").slice(1).join(\"/\"),\n  },\n};\n\nexport const Doc = defineDocumentType(() => ({\n  name: \"Doc\",\n  filePathPattern: \\`docs/**/*.mdx\\`,\n  contentType: \"mdx\",\n  fields: {\n    title: {\n      type: \"string\",\n      required: true,\n    },\n    description: {\n      type: \"string\",\n    },\n    published: {\n      type: \"boolean\",\n      default: true,\n    },\n  },\n  computedFields,\n}));\n\nexport const Post = defineDocumentType(() => ({\n  name: \"Post\",\n  filePathPattern: \\`blog/**/*.mdx\\`,\n  contentType: \"mdx\",\n  fields: {\n    title: {\n      type: \"string\",\n      required: true,\n    },\n    description: {\n      type: \"string\",\n    },\n    date: {\n      type: \"date\",\n      required: true,\n    },\n    published: {\n      type: \"boolean\",\n      default: true,\n    },\n    image: {\n      type: \"string\",\n      required: true,\n    },\n    authors: {\n      type: \"list\",\n      of: { type: \"string\" },\n      required: true,\n    },\n  },\n  computedFields,\n}));\n\nexport const Page = defineDocumentType(() => ({\n  name: \"Page\",\n  filePathPattern: \\`pages/**/*.mdx\\`,\n  contentType: \"mdx\",\n  fields: {\n    title: {\n      type: \"string\",\n      required: true,\n    },\n    description: {\n      type: \"string\",\n    },\n  },\n  computedFields,\n}));\n\nexport default makeSource({\n  contentDirPath: \"./content\",\n  documentTypes: [Page, Doc, Post],\n  mdx: {},\n});\n`,children:(0,e.jsxs)(n.code,{\"data-language\":\"typescript\",\"data-theme\":\"github-dark\",style:{display:\"grid\"},children:[(0,e.jsxs)(n.span,{\"data-line\":\"\",children:[(0,e.jsx)(n.span,{style:{color:\"#F97583\"},children:\"import\"}),(0,e.jsx)(n.span,{style:{color:\"#E1E4E8\"},children:\" { defineDocumentType, makeSource } \"}),(0,e.jsx)(n.span,{style:{color:\"#F97583\"},children:\"from\"}),(0,e.jsx)(n.span,{style:{color:\"#9ECBFF\"},children:' \"contentlayer/source-files\"'}),(0,e.jsx)(n.span,{style:{color:\"#E1E4E8\"},children:\";\"})]}),`\n`,(0,e.jsx)(n.span,{\"data-line\":\"\",children:\" \"}),`\n`,(0,e.jsxs)(n.span,{\"data-line\":\"\",children:[(0,e.jsx)(n.span,{style:{color:\"#6A737D\"},children:\"/** \"}),(0,e.jsx)(n.span,{style:{color:\"#F97583\"},children:\"@type\"}),(0,e.jsx)(n.span,{style:{color:\"#B392F0\"},children:\" {import('contentlayer/source-files').ComputedFields}\"}),(0,e.jsx)(n.span,{style:{color:\"#6A737D\"},children:\" */\"})]}),`\n`,(0,e.jsxs)(n.span,{\"data-line\":\"\",children:[(0,e.jsx)(n.span,{style:{color:\"#F97583\"},children:\"const\"}),(0,e.jsx)(n.span,{style:{color:\"#79B8FF\"},children:\" computedFields\"}),(0,e.jsx)(n.span,{style:{color:\"#F97583\"},children:\" =\"}),(0,e.jsx)(n.span,{style:{color:\"#E1E4E8\"},children:\" {\"})]}),`\n`,(0,e.jsx)(n.span,{\"data-line\":\"\",children:(0,e.jsx)(n.span,{style:{color:\"#E1E4E8\"},children:\"  slug: {\"})}),`\n`,(0,e.jsxs)(n.span,{\"data-line\":\"\",children:[(0,e.jsx)(n.span,{style:{color:\"#E1E4E8\"},children:\"    type: \"}),(0,e.jsx)(n.span,{style:{color:\"#9ECBFF\"},children:'\"string\"'}),(0,e.jsx)(n.span,{style:{color:\"#E1E4E8\"},children:\",\"})]}),`\n`,(0,e.jsxs)(n.span,{\"data-line\":\"\",children:[(0,e.jsx)(n.span,{style:{color:\"#B392F0\"},children:\"    resolve\"}),(0,e.jsx)(n.span,{style:{color:\"#E1E4E8\"},children:\": (\"}),(0,e.jsx)(n.span,{style:{color:\"#FFAB70\"},children:\"doc\"}),(0,e.jsx)(n.span,{style:{color:\"#E1E4E8\"},children:\") \"}),(0,e.jsx)(n.span,{style:{color:\"#F97583\"},children:\"=>\"}),(0,e.jsx)(n.span,{style:{color:\"#9ECBFF\"},children:\" `/${\"}),(0,e.jsx)(n.span,{style:{color:\"#E1E4E8\"},children:\"doc\"}),(0,e.jsx)(n.span,{style:{color:\"#9ECBFF\"},children:\".\"}),(0,e.jsx)(n.span,{style:{color:\"#E1E4E8\"},children:\"_raw\"}),(0,e.jsx)(n.span,{style:{color:\"#9ECBFF\"},children:\".\"}),(0,e.jsx)(n.span,{style:{color:\"#E1E4E8\"},children:\"flattenedPath\"}),(0,e.jsx)(n.span,{style:{color:\"#9ECBFF\"},children:\"}`\"}),(0,e.jsx)(n.span,{style:{color:\"#E1E4E8\"},children:\",\"})]}),`\n`,(0,e.jsx)(n.span,{\"data-line\":\"\",children:(0,e.jsx)(n.span,{style:{color:\"#E1E4E8\"},children:\"  },\"})}),`\n`,(0,e.jsx)(n.span,{\"data-line\":\"\",children:(0,e.jsx)(n.span,{style:{color:\"#E1E4E8\"},children:\"  slugAsParams: {\"})}),`\n`,(0,e.jsxs)(n.span,{\"data-line\":\"\",children:[(0,e.jsx)(n.span,{style:{color:\"#E1E4E8\"},children:\"    type: \"}),(0,e.jsx)(n.span,{style:{color:\"#9ECBFF\"},children:'\"string\"'}),(0,e.jsx)(n.span,{style:{color:\"#E1E4E8\"},children:\",\"})]}),`\n`,(0,e.jsxs)(n.span,{\"data-line\":\"\",children:[(0,e.jsx)(n.span,{style:{color:\"#B392F0\"},children:\"    resolve\"}),(0,e.jsx)(n.span,{style:{color:\"#E1E4E8\"},children:\": (\"}),(0,e.jsx)(n.span,{style:{color:\"#FFAB70\"},children:\"doc\"}),(0,e.jsx)(n.span,{style:{color:\"#E1E4E8\"},children:\") \"}),(0,e.jsx)(n.span,{style:{color:\"#F97583\"},children:\"=>\"}),(0,e.jsx)(n.span,{style:{color:\"#E1E4E8\"},children:\" doc._raw.flattenedPath.\"}),(0,e.jsx)(n.span,{style:{color:\"#B392F0\"},children:\"split\"}),(0,e.jsx)(n.span,{style:{color:\"#E1E4E8\"},children:\"(\"}),(0,e.jsx)(n.span,{style:{color:\"#9ECBFF\"},children:'\"/\"'}),(0,e.jsx)(n.span,{style:{color:\"#E1E4E8\"},children:\").\"}),(0,e.jsx)(n.span,{style:{color:\"#B392F0\"},children:\"slice\"}),(0,e.jsx)(n.span,{style:{color:\"#E1E4E8\"},children:\"(\"}),(0,e.jsx)(n.span,{style:{color:\"#79B8FF\"},children:\"1\"}),(0,e.jsx)(n.span,{style:{color:\"#E1E4E8\"},children:\").\"}),(0,e.jsx)(n.span,{style:{color:\"#B392F0\"},children:\"join\"}),(0,e.jsx)(n.span,{style:{color:\"#E1E4E8\"},children:\"(\"}),(0,e.jsx)(n.span,{style:{color:\"#9ECBFF\"},children:'\"/\"'}),(0,e.jsx)(n.span,{style:{color:\"#E1E4E8\"},children:\"),\"})]}),`\n`,(0,e.jsx)(n.span,{\"data-line\":\"\",children:(0,e.jsx)(n.span,{style:{color:\"#E1E4E8\"},children:\"  },\"})}),`\n`,(0,e.jsx)(n.span,{\"data-line\":\"\",children:(0,e.jsx)(n.span,{style:{color:\"#E1E4E8\"},children:\"};\"})}),`\n`,(0,e.jsx)(n.span,{\"data-line\":\"\",children:\" \"}),`\n`,(0,e.jsxs)(n.span,{\"data-line\":\"\",children:[(0,e.jsx)(n.span,{style:{color:\"#F97583\"},children:\"export\"}),(0,e.jsx)(n.span,{style:{color:\"#F97583\"},children:\" const\"}),(0,e.jsx)(n.span,{style:{color:\"#79B8FF\"},children:\" Doc\"}),(0,e.jsx)(n.span,{style:{color:\"#F97583\"},children:\" =\"}),(0,e.jsx)(n.span,{style:{color:\"#B392F0\"},children:\" defineDocumentType\"}),(0,e.jsx)(n.span,{style:{color:\"#E1E4E8\"},children:\"(() \"}),(0,e.jsx)(n.span,{style:{color:\"#F97583\"},children:\"=>\"}),(0,e.jsx)(n.span,{style:{color:\"#E1E4E8\"},children:\" ({\"})]}),`\n`,(0,e.jsxs)(n.span,{\"data-line\":\"\",children:[(0,e.jsx)(n.span,{style:{color:\"#E1E4E8\"},children:\"  name: \"}),(0,e.jsx)(n.span,{style:{color:\"#9ECBFF\"},children:'\"Doc\"'}),(0,e.jsx)(n.span,{style:{color:\"#E1E4E8\"},children:\",\"})]}),`\n`,(0,e.jsxs)(n.span,{\"data-line\":\"\",children:[(0,e.jsx)(n.span,{style:{color:\"#E1E4E8\"},children:\"  filePathPattern: \"}),(0,e.jsx)(n.span,{style:{color:\"#9ECBFF\"},children:\"`docs/**/*.mdx`\"}),(0,e.jsx)(n.span,{style:{color:\"#E1E4E8\"},children:\",\"})]}),`\n`,(0,e.jsxs)(n.span,{\"data-line\":\"\",children:[(0,e.jsx)(n.span,{style:{color:\"#E1E4E8\"},children:\"  contentType: \"}),(0,e.jsx)(n.span,{style:{color:\"#9ECBFF\"},children:'\"mdx\"'}),(0,e.jsx)(n.span,{style:{color:\"#E1E4E8\"},children:\",\"})]}),`\n`,(0,e.jsx)(n.span,{\"data-line\":\"\",children:(0,e.jsx)(n.span,{style:{color:\"#E1E4E8\"},children:\"  fields: {\"})}),`\n`,(0,e.jsx)(n.span,{\"data-line\":\"\",children:(0,e.jsx)(n.span,{style:{color:\"#E1E4E8\"},children:\"    title: {\"})}),`\n`,(0,e.jsxs)(n.span,{\"data-line\":\"\",children:[(0,e.jsx)(n.span,{style:{color:\"#E1E4E8\"},children:\"      type: \"}),(0,e.jsx)(n.span,{style:{color:\"#9ECBFF\"},children:'\"string\"'}),(0,e.jsx)(n.span,{style:{color:\"#E1E4E8\"},children:\",\"})]}),`\n`,(0,e.jsxs)(n.span,{\"data-line\":\"\",children:[(0,e.jsx)(n.span,{style:{color:\"#E1E4E8\"},children:\"      required: \"}),(0,e.jsx)(n.span,{style:{color:\"#79B8FF\"},children:\"true\"}),(0,e.jsx)(n.span,{style:{color:\"#E1E4E8\"},children:\",\"})]}),`\n`,(0,e.jsx)(n.span,{\"data-line\":\"\",children:(0,e.jsx)(n.span,{style:{color:\"#E1E4E8\"},children:\"    },\"})}),`\n`,(0,e.jsx)(n.span,{\"data-line\":\"\",children:(0,e.jsx)(n.span,{style:{color:\"#E1E4E8\"},children:\"    description: {\"})}),`\n`,(0,e.jsxs)(n.span,{\"data-line\":\"\",children:[(0,e.jsx)(n.span,{style:{color:\"#E1E4E8\"},children:\"      type: \"}),(0,e.jsx)(n.span,{style:{color:\"#9ECBFF\"},children:'\"string\"'}),(0,e.jsx)(n.span,{style:{color:\"#E1E4E8\"},children:\",\"})]}),`\n`,(0,e.jsx)(n.span,{\"data-line\":\"\",children:(0,e.jsx)(n.span,{style:{color:\"#E1E4E8\"},children:\"    },\"})}),`\n`,(0,e.jsx)(n.span,{\"data-line\":\"\",children:(0,e.jsx)(n.span,{style:{color:\"#E1E4E8\"},children:\"    published: {\"})}),`\n`,(0,e.jsxs)(n.span,{\"data-line\":\"\",children:[(0,e.jsx)(n.span,{style:{color:\"#E1E4E8\"},children:\"      type: \"}),(0,e.jsx)(n.span,{style:{color:\"#9ECBFF\"},children:'\"boolean\"'}),(0,e.jsx)(n.span,{style:{color:\"#E1E4E8\"},children:\",\"})]}),`\n`,(0,e.jsxs)(n.span,{\"data-line\":\"\",children:[(0,e.jsx)(n.span,{style:{color:\"#E1E4E8\"},children:\"      default: \"}),(0,e.jsx)(n.span,{style:{color:\"#79B8FF\"},children:\"true\"}),(0,e.jsx)(n.span,{style:{color:\"#E1E4E8\"},children:\",\"})]}),`\n`,(0,e.jsx)(n.span,{\"data-line\":\"\",children:(0,e.jsx)(n.span,{style:{color:\"#E1E4E8\"},children:\"    },\"})}),`\n`,(0,e.jsx)(n.span,{\"data-line\":\"\",children:(0,e.jsx)(n.span,{style:{color:\"#E1E4E8\"},children:\"  },\"})}),`\n`,(0,e.jsx)(n.span,{\"data-line\":\"\",children:(0,e.jsx)(n.span,{style:{color:\"#E1E4E8\"},children:\"  computedFields,\"})}),`\n`,(0,e.jsx)(n.span,{\"data-line\":\"\",children:(0,e.jsx)(n.span,{style:{color:\"#E1E4E8\"},children:\"}));\"})}),`\n`,(0,e.jsx)(n.span,{\"data-line\":\"\",children:\" \"}),`\n`,(0,e.jsxs)(n.span,{\"data-line\":\"\",children:[(0,e.jsx)(n.span,{style:{color:\"#F97583\"},children:\"export\"}),(0,e.jsx)(n.span,{style:{color:\"#F97583\"},children:\" const\"}),(0,e.jsx)(n.span,{style:{color:\"#79B8FF\"},children:\" Post\"}),(0,e.jsx)(n.span,{style:{color:\"#F97583\"},children:\" =\"}),(0,e.jsx)(n.span,{style:{color:\"#B392F0\"},children:\" defineDocumentType\"}),(0,e.jsx)(n.span,{style:{color:\"#E1E4E8\"},children:\"(() \"}),(0,e.jsx)(n.span,{style:{color:\"#F97583\"},children:\"=>\"}),(0,e.jsx)(n.span,{style:{color:\"#E1E4E8\"},children:\" ({\"})]}),`\n`,(0,e.jsxs)(n.span,{\"data-line\":\"\",children:[(0,e.jsx)(n.span,{style:{color:\"#E1E4E8\"},children:\"  name: \"}),(0,e.jsx)(n.span,{style:{color:\"#9ECBFF\"},children:'\"Post\"'}),(0,e.jsx)(n.span,{style:{color:\"#E1E4E8\"},children:\",\"})]}),`\n`,(0,e.jsxs)(n.span,{\"data-line\":\"\",children:[(0,e.jsx)(n.span,{style:{color:\"#E1E4E8\"},children:\"  filePathPattern: \"}),(0,e.jsx)(n.span,{style:{color:\"#9ECBFF\"},children:\"`blog/**/*.mdx`\"}),(0,e.jsx)(n.span,{style:{color:\"#E1E4E8\"},children:\",\"})]}),`\n`,(0,e.jsxs)(n.span,{\"data-line\":\"\",children:[(0,e.jsx)(n.span,{style:{color:\"#E1E4E8\"},children:\"  contentType: \"}),(0,e.jsx)(n.span,{style:{color:\"#9ECBFF\"},children:'\"mdx\"'}),(0,e.jsx)(n.span,{style:{color:\"#E1E4E8\"},children:\",\"})]}),`\n`,(0,e.jsx)(n.span,{\"data-line\":\"\",children:(0,e.jsx)(n.span,{style:{color:\"#E1E4E8\"},children:\"  fields: {\"})}),`\n`,(0,e.jsx)(n.span,{\"data-line\":\"\",children:(0,e.jsx)(n.span,{style:{color:\"#E1E4E8\"},children:\"    title: {\"})}),`\n`,(0,e.jsxs)(n.span,{\"data-line\":\"\",children:[(0,e.jsx)(n.span,{style:{color:\"#E1E4E8\"},children:\"      type: \"}),(0,e.jsx)(n.span,{style:{color:\"#9ECBFF\"},children:'\"string\"'}),(0,e.jsx)(n.span,{style:{color:\"#E1E4E8\"},children:\",\"})]}),`\n`,(0,e.jsxs)(n.span,{\"data-line\":\"\",children:[(0,e.jsx)(n.span,{style:{color:\"#E1E4E8\"},children:\"      required: \"}),(0,e.jsx)(n.span,{style:{color:\"#79B8FF\"},children:\"true\"}),(0,e.jsx)(n.span,{style:{color:\"#E1E4E8\"},children:\",\"})]}),`\n`,(0,e.jsx)(n.span,{\"data-line\":\"\",children:(0,e.jsx)(n.span,{style:{color:\"#E1E4E8\"},children:\"    },\"})}),`\n`,(0,e.jsx)(n.span,{\"data-line\":\"\",children:(0,e.jsx)(n.span,{style:{color:\"#E1E4E8\"},children:\"    description: {\"})}),`\n`,(0,e.jsxs)(n.span,{\"data-line\":\"\",children:[(0,e.jsx)(n.span,{style:{color:\"#E1E4E8\"},children:\"      type: \"}),(0,e.jsx)(n.span,{style:{color:\"#9ECBFF\"},children:'\"string\"'}),(0,e.jsx)(n.span,{style:{color:\"#E1E4E8\"},children:\",\"})]}),`\n`,(0,e.jsx)(n.span,{\"data-line\":\"\",children:(0,e.jsx)(n.span,{style:{color:\"#E1E4E8\"},children:\"    },\"})}),`\n`,(0,e.jsx)(n.span,{\"data-line\":\"\",children:(0,e.jsx)(n.span,{style:{color:\"#E1E4E8\"},children:\"    date: {\"})}),`\n`,(0,e.jsxs)(n.span,{\"data-line\":\"\",children:[(0,e.jsx)(n.span,{style:{color:\"#E1E4E8\"},children:\"      type: \"}),(0,e.jsx)(n.span,{style:{color:\"#9ECBFF\"},children:'\"date\"'}),(0,e.jsx)(n.span,{style:{color:\"#E1E4E8\"},children:\",\"})]}),`\n`,(0,e.jsxs)(n.span,{\"data-line\":\"\",children:[(0,e.jsx)(n.span,{style:{color:\"#E1E4E8\"},children:\"      required: \"}),(0,e.jsx)(n.span,{style:{color:\"#79B8FF\"},children:\"true\"}),(0,e.jsx)(n.span,{style:{color:\"#E1E4E8\"},children:\",\"})]}),`\n`,(0,e.jsx)(n.span,{\"data-line\":\"\",children:(0,e.jsx)(n.span,{style:{color:\"#E1E4E8\"},children:\"    },\"})}),`\n`,(0,e.jsx)(n.span,{\"data-line\":\"\",children:(0,e.jsx)(n.span,{style:{color:\"#E1E4E8\"},children:\"    published: {\"})}),`\n`,(0,e.jsxs)(n.span,{\"data-line\":\"\",children:[(0,e.jsx)(n.span,{style:{color:\"#E1E4E8\"},children:\"      type: \"}),(0,e.jsx)(n.span,{style:{color:\"#9ECBFF\"},children:'\"boolean\"'}),(0,e.jsx)(n.span,{style:{color:\"#E1E4E8\"},children:\",\"})]}),`\n`,(0,e.jsxs)(n.span,{\"data-line\":\"\",children:[(0,e.jsx)(n.span,{style:{color:\"#E1E4E8\"},children:\"      default: \"}),(0,e.jsx)(n.span,{style:{color:\"#79B8FF\"},children:\"true\"}),(0,e.jsx)(n.span,{style:{color:\"#E1E4E8\"},children:\",\"})]}),`\n`,(0,e.jsx)(n.span,{\"data-line\":\"\",children:(0,e.jsx)(n.span,{style:{color:\"#E1E4E8\"},children:\"    },\"})}),`\n`,(0,e.jsx)(n.span,{\"data-line\":\"\",children:(0,e.jsx)(n.span,{style:{color:\"#E1E4E8\"},children:\"    image: {\"})}),`\n`,(0,e.jsxs)(n.span,{\"data-line\":\"\",children:[(0,e.jsx)(n.span,{style:{color:\"#E1E4E8\"},children:\"      type: \"}),(0,e.jsx)(n.span,{style:{color:\"#9ECBFF\"},children:'\"string\"'}),(0,e.jsx)(n.span,{style:{color:\"#E1E4E8\"},children:\",\"})]}),`\n`,(0,e.jsxs)(n.span,{\"data-line\":\"\",children:[(0,e.jsx)(n.span,{style:{color:\"#E1E4E8\"},children:\"      required: \"}),(0,e.jsx)(n.span,{style:{color:\"#79B8FF\"},children:\"true\"}),(0,e.jsx)(n.span,{style:{color:\"#E1E4E8\"},children:\",\"})]}),`\n`,(0,e.jsx)(n.span,{\"data-line\":\"\",children:(0,e.jsx)(n.span,{style:{color:\"#E1E4E8\"},children:\"    },\"})}),`\n`,(0,e.jsx)(n.span,{\"data-line\":\"\",children:(0,e.jsx)(n.span,{style:{color:\"#E1E4E8\"},children:\"    authors: {\"})}),`\n`,(0,e.jsxs)(n.span,{\"data-line\":\"\",children:[(0,e.jsx)(n.span,{style:{color:\"#E1E4E8\"},children:\"      type: \"}),(0,e.jsx)(n.span,{style:{color:\"#9ECBFF\"},children:'\"list\"'}),(0,e.jsx)(n.span,{style:{color:\"#E1E4E8\"},children:\",\"})]}),`\n`,(0,e.jsxs)(n.span,{\"data-line\":\"\",children:[(0,e.jsx)(n.span,{style:{color:\"#E1E4E8\"},children:\"      of: { type: \"}),(0,e.jsx)(n.span,{style:{color:\"#9ECBFF\"},children:'\"string\"'}),(0,e.jsx)(n.span,{style:{color:\"#E1E4E8\"},children:\" },\"})]}),`\n`,(0,e.jsxs)(n.span,{\"data-line\":\"\",children:[(0,e.jsx)(n.span,{style:{color:\"#E1E4E8\"},children:\"      required: \"}),(0,e.jsx)(n.span,{style:{color:\"#79B8FF\"},children:\"true\"}),(0,e.jsx)(n.span,{style:{color:\"#E1E4E8\"},children:\",\"})]}),`\n`,(0,e.jsx)(n.span,{\"data-line\":\"\",children:(0,e.jsx)(n.span,{style:{color:\"#E1E4E8\"},children:\"    },\"})}),`\n`,(0,e.jsx)(n.span,{\"data-line\":\"\",children:(0,e.jsx)(n.span,{style:{color:\"#E1E4E8\"},children:\"  },\"})}),`\n`,(0,e.jsx)(n.span,{\"data-line\":\"\",children:(0,e.jsx)(n.span,{style:{color:\"#E1E4E8\"},children:\"  computedFields,\"})}),`\n`,(0,e.jsx)(n.span,{\"data-line\":\"\",children:(0,e.jsx)(n.span,{style:{color:\"#E1E4E8\"},children:\"}));\"})}),`\n`,(0,e.jsx)(n.span,{\"data-line\":\"\",children:\" \"}),`\n`,(0,e.jsxs)(n.span,{\"data-line\":\"\",children:[(0,e.jsx)(n.span,{style:{color:\"#F97583\"},children:\"export\"}),(0,e.jsx)(n.span,{style:{color:\"#F97583\"},children:\" const\"}),(0,e.jsx)(n.span,{style:{color:\"#79B8FF\"},children:\" Page\"}),(0,e.jsx)(n.span,{style:{color:\"#F97583\"},children:\" =\"}),(0,e.jsx)(n.span,{style:{color:\"#B392F0\"},children:\" defineDocumentType\"}),(0,e.jsx)(n.span,{style:{color:\"#E1E4E8\"},children:\"(() \"}),(0,e.jsx)(n.span,{style:{color:\"#F97583\"},children:\"=>\"}),(0,e.jsx)(n.span,{style:{color:\"#E1E4E8\"},children:\" ({\"})]}),`\n`,(0,e.jsxs)(n.span,{\"data-line\":\"\",children:[(0,e.jsx)(n.span,{style:{color:\"#E1E4E8\"},children:\"  name: \"}),(0,e.jsx)(n.span,{style:{color:\"#9ECBFF\"},children:'\"Page\"'}),(0,e.jsx)(n.span,{style:{color:\"#E1E4E8\"},children:\",\"})]}),`\n`,(0,e.jsxs)(n.span,{\"data-line\":\"\",children:[(0,e.jsx)(n.span,{style:{color:\"#E1E4E8\"},children:\"  filePathPattern: \"}),(0,e.jsx)(n.span,{style:{color:\"#9ECBFF\"},children:\"`pages/**/*.mdx`\"}),(0,e.jsx)(n.span,{style:{color:\"#E1E4E8\"},children:\",\"})]}),`\n`,(0,e.jsxs)(n.span,{\"data-line\":\"\",children:[(0,e.jsx)(n.span,{style:{color:\"#E1E4E8\"},children:\"  contentType: \"}),(0,e.jsx)(n.span,{style:{color:\"#9ECBFF\"},children:'\"mdx\"'}),(0,e.jsx)(n.span,{style:{color:\"#E1E4E8\"},children:\",\"})]}),`\n`,(0,e.jsx)(n.span,{\"data-line\":\"\",children:(0,e.jsx)(n.span,{style:{color:\"#E1E4E8\"},children:\"  fields: {\"})}),`\n`,(0,e.jsx)(n.span,{\"data-line\":\"\",children:(0,e.jsx)(n.span,{style:{color:\"#E1E4E8\"},children:\"    title: {\"})}),`\n`,(0,e.jsxs)(n.span,{\"data-line\":\"\",children:[(0,e.jsx)(n.span,{style:{color:\"#E1E4E8\"},children:\"      type: \"}),(0,e.jsx)(n.span,{style:{color:\"#9ECBFF\"},children:'\"string\"'}),(0,e.jsx)(n.span,{style:{color:\"#E1E4E8\"},children:\",\"})]}),`\n`,(0,e.jsxs)(n.span,{\"data-line\":\"\",children:[(0,e.jsx)(n.span,{style:{color:\"#E1E4E8\"},children:\"      required: \"}),(0,e.jsx)(n.span,{style:{color:\"#79B8FF\"},children:\"true\"}),(0,e.jsx)(n.span,{style:{color:\"#E1E4E8\"},children:\",\"})]}),`\n`,(0,e.jsx)(n.span,{\"data-line\":\"\",children:(0,e.jsx)(n.span,{style:{color:\"#E1E4E8\"},children:\"    },\"})}),`\n`,(0,e.jsx)(n.span,{\"data-line\":\"\",children:(0,e.jsx)(n.span,{style:{color:\"#E1E4E8\"},children:\"    description: {\"})}),`\n`,(0,e.jsxs)(n.span,{\"data-line\":\"\",children:[(0,e.jsx)(n.span,{style:{color:\"#E1E4E8\"},children:\"      type: \"}),(0,e.jsx)(n.span,{style:{color:\"#9ECBFF\"},children:'\"string\"'}),(0,e.jsx)(n.span,{style:{color:\"#E1E4E8\"},children:\",\"})]}),`\n`,(0,e.jsx)(n.span,{\"data-line\":\"\",children:(0,e.jsx)(n.span,{style:{color:\"#E1E4E8\"},children:\"    },\"})}),`\n`,(0,e.jsx)(n.span,{\"data-line\":\"\",children:(0,e.jsx)(n.span,{style:{color:\"#E1E4E8\"},children:\"  },\"})}),`\n`,(0,e.jsx)(n.span,{\"data-line\":\"\",children:(0,e.jsx)(n.span,{style:{color:\"#E1E4E8\"},children:\"  computedFields,\"})}),`\n`,(0,e.jsx)(n.span,{\"data-line\":\"\",children:(0,e.jsx)(n.span,{style:{color:\"#E1E4E8\"},children:\"}));\"})}),`\n`,(0,e.jsx)(n.span,{\"data-line\":\"\",children:\" \"}),`\n`,(0,e.jsxs)(n.span,{\"data-line\":\"\",children:[(0,e.jsx)(n.span,{style:{color:\"#F97583\"},children:\"export\"}),(0,e.jsx)(n.span,{style:{color:\"#F97583\"},children:\" default\"}),(0,e.jsx)(n.span,{style:{color:\"#B392F0\"},children:\" makeSource\"}),(0,e.jsx)(n.span,{style:{color:\"#E1E4E8\"},children:\"({\"})]}),`\n`,(0,e.jsxs)(n.span,{\"data-line\":\"\",children:[(0,e.jsx)(n.span,{style:{color:\"#E1E4E8\"},children:\"  contentDirPath: \"}),(0,e.jsx)(n.span,{style:{color:\"#9ECBFF\"},children:'\"./content\"'}),(0,e.jsx)(n.span,{style:{color:\"#E1E4E8\"},children:\",\"})]}),`\n`,(0,e.jsx)(n.span,{\"data-line\":\"\",children:(0,e.jsx)(n.span,{style:{color:\"#E1E4E8\"},children:\"  documentTypes: [Page, Doc, Post],\"})}),`\n`,(0,e.jsx)(n.span,{\"data-line\":\"\",children:(0,e.jsx)(n.span,{style:{color:\"#E1E4E8\"},children:\"  mdx: {},\"})}),`\n`,(0,e.jsx)(n.span,{\"data-line\":\"\",children:(0,e.jsx)(n.span,{style:{color:\"#E1E4E8\"},children:\"});\"})})]})})]}),`\n`,(0,e.jsxs)(n.p,{children:[\"This file configures Contentlayer to look for Markdown files in the specified directories (\",(0,e.jsx)(n.code,{children:\"content/blog\"}),\", \",(0,e.jsx)(n.code,{children:\"content/authors\"}),\", \",(0,e.jsx)(n.code,{children:\"content/docs\"}),\", \",(0,e.jsx)(n.code,{children:\"content/pages\"}),\"). It also defines the different document types you use in your project along with the fields associated with each document type.\"]}),`\n`,(0,e.jsx)(n.p,{children:\"You can customize this file according to your project's needs by adding new document types or adjusting existing fields as per your specific requirements.\"}),`\n`,(0,e.jsxs)(n.h2,{id:\"frontmatters\",children:[(0,e.jsx)(n.a,{className:\"subheading-anchor\",\"aria-label\":\"Link to section\",href:\"#frontmatters\",children:(0,e.jsx)(n.span,{className:\"icon icon-link\"})}),\"Frontmatters\"]}),`\n`,(0,e.jsx)(n.p,{children:\"Here's the list of all frontmatters available for each parts:\"}),`\n`,(0,e.jsxs)(a,{children:[(0,e.jsxs)(n.h3,{id:\"authors\",children:[(0,e.jsx)(n.a,{className:\"subheading-anchor\",\"aria-label\":\"Link to section\",href:\"#authors\",children:(0,e.jsx)(n.span,{className:\"icon icon-link\"})}),\"Authors\"]}),(0,e.jsx)(n.figure,{\"data-rehype-pretty-code-figure\":\"\",children:(0,e.jsx)(n.pre,{tabIndex:\"0\",\"data-language\":\"md\",\"data-theme\":\"github-dark\",__rawString__:`---\ntitle: mickasmt\navatar: /_static/avatars/mickasmt.jpg\ntwitter: mickasmt\n---\n`,children:(0,e.jsxs)(n.code,{\"data-language\":\"md\",\"data-theme\":\"github-dark\",style:{display:\"grid\"},children:[(0,e.jsx)(n.span,{\"data-line\":\"\",children:(0,e.jsx)(n.span,{style:{color:\"#79B8FF\",fontWeight:\"bold\"},children:\"---\"})}),`\n`,(0,e.jsx)(n.span,{\"data-line\":\"\",children:(0,e.jsx)(n.span,{style:{color:\"#E1E4E8\"},children:\"title: mickasmt\"})}),`\n`,(0,e.jsx)(n.span,{\"data-line\":\"\",children:(0,e.jsx)(n.span,{style:{color:\"#E1E4E8\"},children:\"avatar: /_static/avatars/mickasmt.jpg\"})}),`\n`,(0,e.jsx)(n.span,{\"data-line\":\"\",children:(0,e.jsx)(n.span,{style:{color:\"#E1E4E8\"},children:\"twitter: mickasmt\"})}),`\n`,(0,e.jsx)(n.span,{\"data-line\":\"\",children:(0,e.jsx)(n.span,{style:{color:\"#79B8FF\",fontWeight:\"bold\"},children:\"---\"})})]})})}),(0,e.jsxs)(n.h3,{id:\"blog\",children:[(0,e.jsx)(n.a,{className:\"subheading-anchor\",\"aria-label\":\"Link to section\",href:\"#blog\",children:(0,e.jsx)(n.span,{className:\"icon icon-link\"})}),\"Blog\"]}),(0,e.jsx)(n.figure,{\"data-rehype-pretty-code-figure\":\"\",children:(0,e.jsx)(n.pre,{tabIndex:\"0\",\"data-language\":\"md\",\"data-theme\":\"github-dark\",__rawString__:`---\ntitle: Deploying Next.js Apps\ndescription: How to deploy your Next.js apps on Vercel.\nimage: /_static/blog/blog-post-3.jpg\ndate: \"2023-01-02\"\nauthors:\n  - mickasmt\n---\n`,children:(0,e.jsxs)(n.code,{\"data-language\":\"md\",\"data-theme\":\"github-dark\",style:{display:\"grid\"},children:[(0,e.jsx)(n.span,{\"data-line\":\"\",children:(0,e.jsx)(n.span,{style:{color:\"#79B8FF\",fontWeight:\"bold\"},children:\"---\"})}),`\n`,(0,e.jsx)(n.span,{\"data-line\":\"\",children:(0,e.jsx)(n.span,{style:{color:\"#E1E4E8\"},children:\"title: Deploying Next.js Apps\"})}),`\n`,(0,e.jsx)(n.span,{\"data-line\":\"\",children:(0,e.jsx)(n.span,{style:{color:\"#E1E4E8\"},children:\"description: How to deploy your Next.js apps on Vercel.\"})}),`\n`,(0,e.jsx)(n.span,{\"data-line\":\"\",children:(0,e.jsx)(n.span,{style:{color:\"#E1E4E8\"},children:\"image: /_static/blog/blog-post-3.jpg\"})}),`\n`,(0,e.jsx)(n.span,{\"data-line\":\"\",children:(0,e.jsx)(n.span,{style:{color:\"#E1E4E8\"},children:'date: \"2023-01-02\"'})}),`\n`,(0,e.jsx)(n.span,{\"data-line\":\"\",children:(0,e.jsx)(n.span,{style:{color:\"#E1E4E8\"},children:\"authors:\"})}),`\n`,(0,e.jsxs)(n.span,{\"data-line\":\"\",children:[(0,e.jsx)(n.span,{style:{color:\"#FFAB70\"},children:\"  -\"}),(0,e.jsx)(n.span,{style:{color:\"#E1E4E8\"},children:\" mickasmt\"})]}),`\n`,(0,e.jsx)(n.span,{\"data-line\":\"\",children:(0,e.jsx)(n.span,{style:{color:\"#79B8FF\",fontWeight:\"bold\"},children:\"---\"})})]})})}),(0,e.jsxs)(n.h3,{id:\"docs\",children:[(0,e.jsx)(n.a,{className:\"subheading-anchor\",\"aria-label\":\"Link to section\",href:\"#docs\",children:(0,e.jsx)(n.span,{className:\"icon icon-link\"})}),\"Docs\"]}),(0,e.jsx)(n.figure,{\"data-rehype-pretty-code-figure\":\"\",children:(0,e.jsx)(n.pre,{tabIndex:\"0\",\"data-language\":\"md\",\"data-theme\":\"github-dark\",__rawString__:`---\ntitle: Database\ndescription: How to config your Neon database.\n---\n`,children:(0,e.jsxs)(n.code,{\"data-language\":\"md\",\"data-theme\":\"github-dark\",style:{display:\"grid\"},children:[(0,e.jsx)(n.span,{\"data-line\":\"\",children:(0,e.jsx)(n.span,{style:{color:\"#79B8FF\",fontWeight:\"bold\"},children:\"---\"})}),`\n`,(0,e.jsx)(n.span,{\"data-line\":\"\",children:(0,e.jsx)(n.span,{style:{color:\"#E1E4E8\"},children:\"title: Database\"})}),`\n`,(0,e.jsx)(n.span,{\"data-line\":\"\",children:(0,e.jsx)(n.span,{style:{color:\"#E1E4E8\"},children:\"description: How to config your Neon database.\"})}),`\n`,(0,e.jsx)(n.span,{\"data-line\":\"\",children:(0,e.jsx)(n.span,{style:{color:\"#79B8FF\",fontWeight:\"bold\"},children:\"---\"})})]})})}),(0,e.jsxs)(n.h3,{id:\"pages\",children:[(0,e.jsx)(n.a,{className:\"subheading-anchor\",\"aria-label\":\"Link to section\",href:\"#pages\",children:(0,e.jsx)(n.span,{className:\"icon icon-link\"})}),\"Pages\"]}),(0,e.jsx)(n.figure,{\"data-rehype-pretty-code-figure\":\"\",children:(0,e.jsx)(n.pre,{tabIndex:\"0\",\"data-language\":\"md\",\"data-theme\":\"github-dark\",__rawString__:`---\ntitle: Privacy\ndescription: The Privacy Policy for your app.\n---\n`,children:(0,e.jsxs)(n.code,{\"data-language\":\"md\",\"data-theme\":\"github-dark\",style:{display:\"grid\"},children:[(0,e.jsx)(n.span,{\"data-line\":\"\",children:(0,e.jsx)(n.span,{style:{color:\"#79B8FF\",fontWeight:\"bold\"},children:\"---\"})}),`\n`,(0,e.jsx)(n.span,{\"data-line\":\"\",children:(0,e.jsx)(n.span,{style:{color:\"#E1E4E8\"},children:\"title: Privacy\"})}),`\n`,(0,e.jsx)(n.span,{\"data-line\":\"\",children:(0,e.jsx)(n.span,{style:{color:\"#E1E4E8\"},children:\"description: The Privacy Policy for your app.\"})}),`\n`,(0,e.jsx)(n.span,{\"data-line\":\"\",children:(0,e.jsx)(n.span,{style:{color:\"#79B8FF\",fontWeight:\"bold\"},children:\"---\"})})]})})})]})]})}function p(l={}){let{wrapper:n}=l.components||{};return n?(0,e.jsx)(n,{...l,children:(0,e.jsx)(d,{...l})}):d(l)}function x(l,n){throw new Error(\"Expected \"+(n?\"component\":\"object\")+\" `\"+l+\"` to be defined: you likely forgot to import, pass, or provide it.\")}return b(k);})();\n;return Component;"
  },
  "_id": "docs/configuration/markdown-files.mdx",
  "_raw": {
    "sourceFilePath": "docs/configuration/markdown-files.mdx",
    "sourceFileName": "markdown-files.mdx",
    "sourceFileDir": "docs/configuration",
    "contentType": "mdx",
    "flattenedPath": "docs/configuration/markdown-files"
  },
  "type": "Doc",
  "slug": "/docs/configuration/markdown-files",
  "slugAsParams": "configuration/markdown-files",
  "images": []
}