{
  "title": "Config Files",
  "description": "Make it your own with config files.",
  "published": true,
  "body": {
    "raw": "\nThe `config` folder houses various files ready for customization to suit your needs.\n\n## List of files\n\nHere's the list of config files available:\n\n<Steps>\n\n### Navigations\n\n`marketing.ts`, `dashboard.ts` and `docs.ts` contain configuration links tailored for their respective sections.\n\n### Site\n\nIn `site.ts`, manage metadata and footer links effortlessly.\n\n</Steps>\n",
    "code": "var Component=(()=>{var f=Object.create;var s=Object.defineProperty;var p=Object.getOwnPropertyDescriptor;var m=Object.getOwnPropertyNames;var u=Object.getPrototypeOf,g=Object.prototype.hasOwnProperty;var k=(i,e)=>()=>(e||i((e={exports:{}}).exports,e),e.exports),x=(i,e)=>{for(var o in e)s(i,o,{get:e[o],enumerable:!0})},r=(i,e,o,a)=>{if(e&&typeof e==\"object\"||typeof e==\"function\")for(let t of m(e))!g.call(i,t)&&t!==o&&s(i,t,{get:()=>e[t],enumerable:!(a=p(e,t))||a.enumerable});return i};var b=(i,e,o)=>(o=i!=null?f(u(i)):{},r(e||!i||!i.__esModule?s(o,\"default\",{value:i,enumerable:!0}):o,i)),_=i=>r(s({},\"__esModule\",{value:!0}),i);var l=k((w,c)=>{c.exports=_jsx_runtime});var N={};x(N,{default:()=>h,frontmatter:()=>v});var n=b(l()),v={title:\"Config Files\",description:\"Make it your own with config files.\"};function d(i){let e={a:\"a\",code:\"code\",h2:\"h2\",h3:\"h3\",p:\"p\",span:\"span\",...i.components},{Steps:o}=e;return o||y(\"Steps\",!0),(0,n.jsxs)(n.Fragment,{children:[(0,n.jsxs)(e.p,{children:[\"The \",(0,n.jsx)(e.code,{children:\"config\"}),\" folder houses various files ready for customization to suit your needs.\"]}),`\n`,(0,n.jsxs)(e.h2,{id:\"list-of-files\",children:[(0,n.jsx)(e.a,{className:\"subheading-anchor\",\"aria-label\":\"Link to section\",href:\"#list-of-files\",children:(0,n.jsx)(e.span,{className:\"icon icon-link\"})}),\"List of files\"]}),`\n`,(0,n.jsx)(e.p,{children:\"Here's the list of config files available:\"}),`\n`,(0,n.jsxs)(o,{children:[(0,n.jsxs)(e.h3,{id:\"navigations\",children:[(0,n.jsx)(e.a,{className:\"subheading-anchor\",\"aria-label\":\"Link to section\",href:\"#navigations\",children:(0,n.jsx)(e.span,{className:\"icon icon-link\"})}),\"Navigations\"]}),(0,n.jsxs)(e.p,{children:[(0,n.jsx)(e.code,{children:\"marketing.ts\"}),\", \",(0,n.jsx)(e.code,{children:\"dashboard.ts\"}),\" and \",(0,n.jsx)(e.code,{children:\"docs.ts\"}),\" contain configuration links tailored for their respective sections.\"]}),(0,n.jsxs)(e.h3,{id:\"site\",children:[(0,n.jsx)(e.a,{className:\"subheading-anchor\",\"aria-label\":\"Link to section\",href:\"#site\",children:(0,n.jsx)(e.span,{className:\"icon icon-link\"})}),\"Site\"]}),(0,n.jsxs)(e.p,{children:[\"In \",(0,n.jsx)(e.code,{children:\"site.ts\"}),\", manage metadata and footer links effortlessly.\"]})]})]})}function h(i={}){let{wrapper:e}=i.components||{};return e?(0,n.jsx)(e,{...i,children:(0,n.jsx)(d,{...i})}):d(i)}function y(i,e){throw new Error(\"Expected \"+(e?\"component\":\"object\")+\" `\"+i+\"` to be defined: you likely forgot to import, pass, or provide it.\")}return _(N);})();\n;return Component;"
  },
  "_id": "docs/configuration/config-files.mdx",
  "_raw": {
    "sourceFilePath": "docs/configuration/config-files.mdx",
    "sourceFileName": "config-files.mdx",
    "sourceFileDir": "docs/configuration",
    "contentType": "mdx",
    "flattenedPath": "docs/configuration/config-files"
  },
  "type": "Doc",
  "slug": "/docs/configuration/config-files",
  "slugAsParams": "configuration/config-files",
  "images": []
}