{
  "title": "Not Implemented",
  "description": "This page is in progress.",
  "published": true,
  "body": {
    "raw": "\n<Callout>\n\nThis site is a work in progress. If you see dummy text on a page, it means I'm still working on it. You can follow updates on Twitter [@shadcn](https://twitter.com/shadcn).\n\n</Callout>\n",
    "code": "var Component=(()=>{var m=Object.create;var s=Object.defineProperty;var u=Object.getOwnPropertyDescriptor;var f=Object.getOwnPropertyNames;var x=Object.getPrototypeOf,h=Object.prototype.hasOwnProperty;var w=(t,e)=>()=>(e||t((e={exports:{}}).exports,e),e.exports),g=(t,e)=>{for(var o in e)s(t,o,{get:e[o],enumerable:!0})},c=(t,e,o,i)=>{if(e&&typeof e==\"object\"||typeof e==\"function\")for(let r of f(e))!h.call(t,r)&&r!==o&&s(t,r,{get:()=>e[r],enumerable:!(i=u(e,r))||i.enumerable});return t};var _=(t,e,o)=>(o=t!=null?m(x(t)):{},c(e||!t||!t.__esModule?s(o,\"default\",{value:t,enumerable:!0}):o,t)),j=t=>c(s({},\"__esModule\",{value:!0}),t);var p=w((I,a)=>{a.exports=_jsx_runtime});var M={};g(M,{default:()=>l,frontmatter:()=>y});var n=_(p()),y={title:\"Not Implemented\",description:\"This page is in progress.\"};function d(t){let e={a:\"a\",p:\"p\",...t.components},{Callout:o}=e;return o||C(\"Callout\",!0),(0,n.jsx)(o,{children:(0,n.jsxs)(e.p,{children:[\"This site is a work in progress. If you see dummy text on a page, it means I'm still working on it. You can follow updates on Twitter \",(0,n.jsx)(e.a,{href:\"https://twitter.com/shadcn\",children:\"@shadcn\"}),\".\"]})})}function l(t={}){let{wrapper:e}=t.components||{};return e?(0,n.jsx)(e,{...t,children:(0,n.jsx)(d,{...t})}):d(t)}function C(t,e){throw new Error(\"Expected \"+(e?\"component\":\"object\")+\" `\"+t+\"` to be defined: you likely forgot to import, pass, or provide it.\")}return j(M);})();\n;return Component;"
  },
  "_id": "docs/in-progress.mdx",
  "_raw": {
    "sourceFilePath": "docs/in-progress.mdx",
    "sourceFileName": "in-progress.mdx",
    "sourceFileDir": "docs",
    "contentType": "mdx",
    "flattenedPath": "docs/in-progress"
  },
  "type": "Doc",
  "slug": "/docs/in-progress",
  "slugAsParams": "in-progress",
  "images": []
}