{
  "title": "Installation",
  "description": "How to install the project.",
  "published": true,
  "body": {
    "raw": "\n<Steps>\n\n### Create project\n\nStart by creating a new Next.js project using `create-next-app`:\n\n```bash\nnpx create-next-app my-next-project --example \"https://github.com/mickasmt/next-auth-roles-template\"\n```\n\nOr deploy with Vercel :\n\n[![Deploy with Vercel](https://vercel.com/button)](https://vercel.com/new/clone?repository-url=https%3A%2F%2Fgithub.com%2Fmickasmt%2Fnext-auth-roles-template)\n\n<Callout type=\"warning\" twClass=\"mt-4\">\n  A good way to create your repository, but the deployment will fail because you\n  need to add your environment variables locally in your project. Follow the\n  documentation for that.\n</Callout>\n\n### Install dependencies\n\nEnter in the folder and install dependencies for your project:\n\n```bash\ncd my-next-project\npnpm install\n```\n\n### Create a `.env` file\n\nCopy/paste the `.env.example` in the `.env` file:\n\n```md title=\".env\"\nNEXT_PUBLIC_APP_URL=http://localhost:3000\n\nAUTH_SECRET=\nGOOGLE_CLIENT_ID=\nGOOGLE_CLIENT_SECRET=\n\nDATABASE_URL=\n\nRESEND_API_KEY=\n```\n\n### Remove parts you don't want\n\nYou can use the command `pnpm run remove-content` in your terminal to remove specific parts of your project. This command supports the following parameters:\n\n- **--blog**: Removes the blog section from your project.\n- **--docs**: Removes the documentation section from your project.\n\n#### Recommendations\n\n- **Remove Both Sections**: It is recommended to use `pnpm run remove-content` without specifying parameters (`--blog` or `--docs`). This ensures that all associated documents are properly removed, as some documents may not be deleted/updated if you remove \"blog\" after \"docs\" or vice versa.\n\n#### Examples\n\n1. To remove both the blog and documentation sections:\n\n```bash\npnpm run remove-content\n```\n\n2. To remove only the blog section:\n\n```bash\npnpm run remove-content --blog\n```\n\n3. To remove only the documentation section:\n\n```bash\npnpm run remove-content --docs\n```\n\n### Configuration part\n\nLet's check the configuration part for update all environment variables before use `pnpm run dev`.\n\n</Steps>\n",
    "code": "var Component=(()=>{var m=Object.create;var i=Object.defineProperty;var u=Object.getOwnPropertyDescriptor;var g=Object.getOwnPropertyNames;var y=Object.getPrototypeOf,b=Object.prototype.hasOwnProperty;var E=(a,e)=>()=>(e||a((e={exports:{}}).exports,e),e.exports),f=(a,e)=>{for(var t in e)i(a,t,{get:e[t],enumerable:!0})},o=(a,e,t,r)=>{if(e&&typeof e==\"object\"||typeof e==\"function\")for(let l of g(e))!b.call(a,l)&&l!==t&&i(a,l,{get:()=>e[l],enumerable:!(r=u(e,l))||r.enumerable});return a};var _=(a,e,t)=>(t=a!=null?m(y(a)):{},o(e||!a||!a.__esModule?i(t,\"default\",{value:a,enumerable:!0}):t,a)),F=a=>o(i({},\"__esModule\",{value:!0}),a);var d=E((C,c)=>{c.exports=_jsx_runtime});var x={};f(x,{default:()=>p,frontmatter:()=>v});var n=_(d()),v={title:\"Installation\",description:\"How to install the project.\"};function s(a){let e={a:\"a\",code:\"code\",figcaption:\"figcaption\",figure:\"figure\",h3:\"h3\",h4:\"h4\",img:\"img\",li:\"li\",ol:\"ol\",p:\"p\",pre:\"pre\",span:\"span\",strong:\"strong\",ul:\"ul\",...a.components},{Callout:t,Steps:r}=e;return t||h(\"Callout\",!0),r||h(\"Steps\",!0),(0,n.jsxs)(r,{children:[(0,n.jsxs)(e.h3,{id:\"create-project\",children:[(0,n.jsx)(e.a,{className:\"subheading-anchor\",\"aria-label\":\"Link to section\",href:\"#create-project\",children:(0,n.jsx)(e.span,{className:\"icon icon-link\"})}),\"Create project\"]}),(0,n.jsxs)(e.p,{children:[\"Start by creating a new Next.js project using \",(0,n.jsx)(e.code,{children:\"create-next-app\"}),\":\"]}),(0,n.jsx)(e.figure,{\"data-rehype-pretty-code-figure\":\"\",children:(0,n.jsx)(e.pre,{tabIndex:\"0\",\"data-language\":\"bash\",\"data-theme\":\"github-dark\",__rawString__:`npx create-next-app my-next-project --example \"https://github.com/mickasmt/next-auth-roles-template\"\n`,children:(0,n.jsx)(e.code,{\"data-language\":\"bash\",\"data-theme\":\"github-dark\",style:{display:\"grid\"},children:(0,n.jsxs)(e.span,{\"data-line\":\"\",children:[(0,n.jsx)(e.span,{style:{color:\"#B392F0\"},children:\"npx\"}),(0,n.jsx)(e.span,{style:{color:\"#9ECBFF\"},children:\" create-next-app\"}),(0,n.jsx)(e.span,{style:{color:\"#9ECBFF\"},children:\" my-next-project\"}),(0,n.jsx)(e.span,{style:{color:\"#79B8FF\"},children:\" --example\"}),(0,n.jsx)(e.span,{style:{color:\"#9ECBFF\"},children:' \"https://github.com/mickasmt/next-auth-roles-template\"'})]})})})}),(0,n.jsx)(e.p,{children:\"Or deploy with Vercel :\"}),(0,n.jsx)(e.p,{children:(0,n.jsx)(e.a,{href:\"https://vercel.com/new/clone?repository-url=https%3A%2F%2Fgithub.com%2Fmickasmt%2Fnext-auth-roles-template\",children:(0,n.jsx)(e.img,{src:\"https://vercel.com/button\",alt:\"Deploy with Vercel\"})})}),(0,n.jsx)(t,{type:\"warning\",twClass:\"mt-4\",children:(0,n.jsx)(e.p,{children:`A good way to create your repository, but the deployment will fail because you\nneed to add your environment variables locally in your project. Follow the\ndocumentation for that.`})}),(0,n.jsxs)(e.h3,{id:\"install-dependencies\",children:[(0,n.jsx)(e.a,{className:\"subheading-anchor\",\"aria-label\":\"Link to section\",href:\"#install-dependencies\",children:(0,n.jsx)(e.span,{className:\"icon icon-link\"})}),\"Install dependencies\"]}),(0,n.jsx)(e.p,{children:\"Enter in the folder and install dependencies for your project:\"}),(0,n.jsx)(e.figure,{\"data-rehype-pretty-code-figure\":\"\",children:(0,n.jsx)(e.pre,{tabIndex:\"0\",\"data-language\":\"bash\",\"data-theme\":\"github-dark\",__rawString__:`cd my-next-project\npnpm install\n`,children:(0,n.jsxs)(e.code,{\"data-language\":\"bash\",\"data-theme\":\"github-dark\",style:{display:\"grid\"},children:[(0,n.jsxs)(e.span,{\"data-line\":\"\",children:[(0,n.jsx)(e.span,{style:{color:\"#79B8FF\"},children:\"cd\"}),(0,n.jsx)(e.span,{style:{color:\"#9ECBFF\"},children:\" my-next-project\"})]}),`\n`,(0,n.jsxs)(e.span,{\"data-line\":\"\",children:[(0,n.jsx)(e.span,{style:{color:\"#B392F0\"},children:\"pnpm\"}),(0,n.jsx)(e.span,{style:{color:\"#9ECBFF\"},children:\" install\"})]})]})})}),(0,n.jsxs)(e.h3,{id:\"create-a-env-file\",children:[(0,n.jsx)(e.a,{className:\"subheading-anchor\",\"aria-label\":\"Link to section\",href:\"#create-a-env-file\",children:(0,n.jsx)(e.span,{className:\"icon icon-link\"})}),\"Create a \",(0,n.jsx)(e.code,{children:\".env\"}),\" file\"]}),(0,n.jsxs)(e.p,{children:[\"Copy/paste the \",(0,n.jsx)(e.code,{children:\".env.example\"}),\" in the \",(0,n.jsx)(e.code,{children:\".env\"}),\" file:\"]}),(0,n.jsxs)(e.figure,{\"data-rehype-pretty-code-figure\":\"\",children:[(0,n.jsx)(e.figcaption,{\"data-rehype-pretty-code-title\":\"\",\"data-language\":\"md\",\"data-theme\":\"github-dark\",children:\".env\"}),(0,n.jsx)(e.pre,{tabIndex:\"0\",\"data-language\":\"md\",\"data-theme\":\"github-dark\",__rawString__:`NEXT_PUBLIC_APP_URL=http://localhost:3000\n\nAUTH_SECRET=\nGOOGLE_CLIENT_ID=\nGOOGLE_CLIENT_SECRET=\n\nDATABASE_URL=\n\nRESEND_API_KEY=\n`,children:(0,n.jsxs)(e.code,{\"data-language\":\"md\",\"data-theme\":\"github-dark\",style:{display:\"grid\"},children:[(0,n.jsx)(e.span,{\"data-line\":\"\",children:(0,n.jsx)(e.span,{style:{color:\"#E1E4E8\"},children:\"NEXT_PUBLIC_APP_URL=http://localhost:3000\"})}),`\n`,(0,n.jsx)(e.span,{\"data-line\":\"\",children:\" \"}),`\n`,(0,n.jsx)(e.span,{\"data-line\":\"\",children:(0,n.jsx)(e.span,{style:{color:\"#E1E4E8\"},children:\"AUTH_SECRET=\"})}),`\n`,(0,n.jsx)(e.span,{\"data-line\":\"\",children:(0,n.jsx)(e.span,{style:{color:\"#E1E4E8\"},children:\"GOOGLE_CLIENT_ID=\"})}),`\n`,(0,n.jsx)(e.span,{\"data-line\":\"\",children:(0,n.jsx)(e.span,{style:{color:\"#E1E4E8\"},children:\"GOOGLE_CLIENT_SECRET=\"})}),`\n`,(0,n.jsx)(e.span,{\"data-line\":\"\",children:\" \"}),`\n`,(0,n.jsx)(e.span,{\"data-line\":\"\",children:(0,n.jsx)(e.span,{style:{color:\"#E1E4E8\"},children:\"DATABASE_URL=\"})}),`\n`,(0,n.jsx)(e.span,{\"data-line\":\"\",children:\" \"}),`\n`,(0,n.jsx)(e.span,{\"data-line\":\"\",children:(0,n.jsx)(e.span,{style:{color:\"#E1E4E8\"},children:\"RESEND_API_KEY=\"})})]})})]}),(0,n.jsxs)(e.h3,{id:\"remove-parts-you-dont-want\",children:[(0,n.jsx)(e.a,{className:\"subheading-anchor\",\"aria-label\":\"Link to section\",href:\"#remove-parts-you-dont-want\",children:(0,n.jsx)(e.span,{className:\"icon icon-link\"})}),\"Remove parts you don't want\"]}),(0,n.jsxs)(e.p,{children:[\"You can use the command \",(0,n.jsx)(e.code,{children:\"pnpm run remove-content\"}),\" in your terminal to remove specific parts of your project. This command supports the following parameters:\"]}),(0,n.jsxs)(e.ul,{children:[`\n`,(0,n.jsxs)(e.li,{children:[(0,n.jsx)(e.strong,{children:\"--blog\"}),\": Removes the blog section from your project.\"]}),`\n`,(0,n.jsxs)(e.li,{children:[(0,n.jsx)(e.strong,{children:\"--docs\"}),\": Removes the documentation section from your project.\"]}),`\n`]}),(0,n.jsxs)(e.h4,{id:\"recommendations\",children:[(0,n.jsx)(e.a,{className:\"subheading-anchor\",\"aria-label\":\"Link to section\",href:\"#recommendations\",children:(0,n.jsx)(e.span,{className:\"icon icon-link\"})}),\"Recommendations\"]}),(0,n.jsxs)(e.ul,{children:[`\n`,(0,n.jsxs)(e.li,{children:[(0,n.jsx)(e.strong,{children:\"Remove Both Sections\"}),\": It is recommended to use \",(0,n.jsx)(e.code,{children:\"pnpm run remove-content\"}),\" without specifying parameters (\",(0,n.jsx)(e.code,{children:\"--blog\"}),\" or \",(0,n.jsx)(e.code,{children:\"--docs\"}),'). This ensures that all associated documents are properly removed, as some documents may not be deleted/updated if you remove \"blog\" after \"docs\" or vice versa.']}),`\n`]}),(0,n.jsxs)(e.h4,{id:\"examples\",children:[(0,n.jsx)(e.a,{className:\"subheading-anchor\",\"aria-label\":\"Link to section\",href:\"#examples\",children:(0,n.jsx)(e.span,{className:\"icon icon-link\"})}),\"Examples\"]}),(0,n.jsxs)(e.ol,{children:[`\n`,(0,n.jsx)(e.li,{children:\"To remove both the blog and documentation sections:\"}),`\n`]}),(0,n.jsx)(e.figure,{\"data-rehype-pretty-code-figure\":\"\",children:(0,n.jsx)(e.pre,{tabIndex:\"0\",\"data-language\":\"bash\",\"data-theme\":\"github-dark\",__rawString__:`pnpm run remove-content\n`,children:(0,n.jsx)(e.code,{\"data-language\":\"bash\",\"data-theme\":\"github-dark\",style:{display:\"grid\"},children:(0,n.jsxs)(e.span,{\"data-line\":\"\",children:[(0,n.jsx)(e.span,{style:{color:\"#B392F0\"},children:\"pnpm\"}),(0,n.jsx)(e.span,{style:{color:\"#9ECBFF\"},children:\" run\"}),(0,n.jsx)(e.span,{style:{color:\"#9ECBFF\"},children:\" remove-content\"})]})})})}),(0,n.jsxs)(e.ol,{start:\"2\",children:[`\n`,(0,n.jsx)(e.li,{children:\"To remove only the blog section:\"}),`\n`]}),(0,n.jsx)(e.figure,{\"data-rehype-pretty-code-figure\":\"\",children:(0,n.jsx)(e.pre,{tabIndex:\"0\",\"data-language\":\"bash\",\"data-theme\":\"github-dark\",__rawString__:`pnpm run remove-content --blog\n`,children:(0,n.jsx)(e.code,{\"data-language\":\"bash\",\"data-theme\":\"github-dark\",style:{display:\"grid\"},children:(0,n.jsxs)(e.span,{\"data-line\":\"\",children:[(0,n.jsx)(e.span,{style:{color:\"#B392F0\"},children:\"pnpm\"}),(0,n.jsx)(e.span,{style:{color:\"#9ECBFF\"},children:\" run\"}),(0,n.jsx)(e.span,{style:{color:\"#9ECBFF\"},children:\" remove-content\"}),(0,n.jsx)(e.span,{style:{color:\"#79B8FF\"},children:\" --blog\"})]})})})}),(0,n.jsxs)(e.ol,{start:\"3\",children:[`\n`,(0,n.jsx)(e.li,{children:\"To remove only the documentation section:\"}),`\n`]}),(0,n.jsx)(e.figure,{\"data-rehype-pretty-code-figure\":\"\",children:(0,n.jsx)(e.pre,{tabIndex:\"0\",\"data-language\":\"bash\",\"data-theme\":\"github-dark\",__rawString__:`pnpm run remove-content --docs\n`,children:(0,n.jsx)(e.code,{\"data-language\":\"bash\",\"data-theme\":\"github-dark\",style:{display:\"grid\"},children:(0,n.jsxs)(e.span,{\"data-line\":\"\",children:[(0,n.jsx)(e.span,{style:{color:\"#B392F0\"},children:\"pnpm\"}),(0,n.jsx)(e.span,{style:{color:\"#9ECBFF\"},children:\" run\"}),(0,n.jsx)(e.span,{style:{color:\"#9ECBFF\"},children:\" remove-content\"}),(0,n.jsx)(e.span,{style:{color:\"#79B8FF\"},children:\" --docs\"})]})})})}),(0,n.jsxs)(e.h3,{id:\"configuration-part\",children:[(0,n.jsx)(e.a,{className:\"subheading-anchor\",\"aria-label\":\"Link to section\",href:\"#configuration-part\",children:(0,n.jsx)(e.span,{className:\"icon icon-link\"})}),\"Configuration part\"]}),(0,n.jsxs)(e.p,{children:[\"Let's check the configuration part for update all environment variables before use \",(0,n.jsx)(e.code,{children:\"pnpm run dev\"}),\".\"]})]})}function p(a={}){let{wrapper:e}=a.components||{};return e?(0,n.jsx)(e,{...a,children:(0,n.jsx)(s,{...a})}):s(a)}function h(a,e){throw new Error(\"Expected \"+(e?\"component\":\"object\")+\" `\"+a+\"` to be defined: you likely forgot to import, pass, or provide it.\")}return F(x);})();\n;return Component;"
  },
  "_id": "docs/installation.mdx",
  "_raw": {
    "sourceFilePath": "docs/installation.mdx",
    "sourceFileName": "installation.mdx",
    "sourceFileDir": "docs",
    "contentType": "mdx",
    "flattenedPath": "docs/installation"
  },
  "type": "Doc",
  "slug": "/docs/installation",
  "slugAsParams": "installation",
  "images": []
}